"Unit"	"Converted value equivalent in PPM"	"Comment"	"Conversion to ppm"	"Covered in old units"
"ug/egg"		"egg – per egg"	"no"	"Yes"
"ug"		"mass"	"no"	"Yes"
"ng"		"mass"	"no"	"Yes"
"mg/cm2"		"mass/area, cannot convert area to volume"	"no"	"Yes"
"ug/org/d"		"mass"	"no"	"Yes"
"g/m2"		"mass/area, cannot convert area to volume"	"no"	"Yes"
"dpm/ml"		"dpm – drops per minute"	"no"	"Yes"
"mg/org"		"mass"	"no"	"Yes"
"ug/org"		"mass"	"no"	"Yes"
"ml/eu"		"eu - Endotoxin Unit, One EU is equal to one International Unit (IU) of endotoxin"	"no"	"Yes"
"nmol"	"0.000001MW"	"mass"	"no"	"Yes"
"mmol"	"1MW"	"mass"	"no"	"Yes"
"mol/kg"		"in mole, cannot be converted"	"no"	"Yes"
"g"		"mass"	"no"	"Yes"
"ml/L"		"volume/volume, need density of the substance to convert"	"no"	"Yes"
"ug/cm2"		"mass/area"	"no"	"Yes"
"umol"		"mass"	"no"	"Yes"
"mg/eu"		"eu - Endotoxin Unit, One EU is equal to one International Unit (IU) of endotoxin"	"no"	"Yes"
"ug/bee"		"bee – per bee"	"no"	"Yes"
"ug/eu"		"eu - Endotoxin Unit, One EU is equal to one International Unit (IU) of endotoxin"	"no"	"Yes"
"uCi"		"Ci – Curie, used for radioactive materia"	"no"	"Yes"
"ml"		"volume"	"no"	"Yes"
"AI ug/cm2"		"mass/area"	"no"	"Yes"
"mg"		"mass"	"no"	"Yes"
"uCi/ml"		"curie, for radiation"	"no"	"Yes"
"NR"		"not reported"	"no"	"Yes"
"kg/ha"		"unit of mass/area"	"no"	"Yes"
"kBq/ml"		"unit of radiation/mass"	"no"	"Yes"
"Bq/kg"		"unit of radiation/mass"	"no"	"Yes"
"nmol/org"			"no"	"Yes"
"cpm/mg"		"cpm is counts per minute used to measure radioactivity"	"no"	"Yes"
"v/v"			"no"	"Yes"
"mg/bee"		"unit of mass"	"no"	"Yes"
"umol/mol C"			"no"	"Yes"
"d"			"no"	"Yes"
"kg/mu"		"mu represents muon mass"	"no"	"Yes"
"AI %"			"no"	"Yes"
"kBq/L"		"unit is radioactivty/volume"	"no"	"Yes"
"ug/cm2/d"		"unit of mass/area"	"no"	"Yes"
"nmol/eu"		"eu is enzyme unit"	"no"	"Yes"
"cpm/L"		"cpm is counts per min and is used to measure radioactivity"	"no"	"Yes"
"Bq/L"		"unit for radioactivity/volume"	"no"	"Yes"
"meq/100 g soil"		"meq requires valence value for the compound"	"no"	"Yes"
"lb/ft2"		"unit of mass/area"	"no"	"Yes"
"kBq"		"unit of radioactivity"	"no"	"Yes"
"ug/d"		"unit of mass/day"	"no"	"Yes"
"mCi/mg"		"unit of radioactivity"	"no"	"Yes"
"AI lb/acre"		"unit of mass/area"	"no"	"Yes"
"meq/eu"		"eu is enzyme units and meq is milliequivalents"	"no"	"Yes"
"lb"		"unit of mass"	"no"	"Yes"
"lb/acre"		"unit of weight/area"	"no"	"Yes"
"qt/acre"		"qt might mean quintals but the unit is for mass/area"	"no"	"Yes"
"uCi/ug"		"unit of radioactivity/mass"	"no"	"Yes"
"ml/100 g bdwt"		"unit is vol/mass"	"no"	"Yes"
"mol"			"no"	"Yes"
"ppm/100 g bdwt/d"		"ppm/mass not ppm"	"no"	"Yes"
"org"			"no"	"Yes"
"ng/d"			"no"	"Yes"
"meq/L"		"meq requires valency of the compound"	"no"	"Yes"
"Bq/mg"		"unit of radioactivity/mass"	"no"	"Yes"
"lb/eu"		"eu is enzyme units"	"no"	"Yes"
"ug/org/wk"		"unit of mass"	"no"	"Yes"
"uCI/g org"		"unit of radioactivity/mass"	"no"	"Yes"
"cpm"		"radioactivity"	"no"	"Yes"
"cpm/ml"		"unit of radioactivity/volume"	"no"	"Yes"
"pmol/cell"			"no"	"Yes"
"mg/d"			"no"	"Yes"
"mCi/ml"		"unit of radioactivity/volume"	"no"	"Yes"
"g/eu"			"no"	"Yes"
"uM/L"		"unit of conc/volume that is quantity"	"no"	"Yes"
"ueq/L"			"no"	"Yes"
"--"			"no"	"Yes"
"ug dry diet/d"			"no"	"Yes"
"ml/m2"			"no"	"Yes"
"ml/hl"		"vol/vol"	"no"	"Yes"
"kg"			"no"	"Yes"
"ng/org"			"no"	"Yes"
"uCi/L"			"no"	"Yes"
"ug/fish"			"no"	"Yes"
"ug/cell"			"no"	"Yes"
"mg/wk"			"no"	"Yes"
"nM/g"		"unit of concentration/mass"	"no"	"Yes"
"Bq"			"no"	"Yes"
"AI ug/org"			"no"	"Yes"
"mg/org/d"			"no"	"Yes"
"um"			"no"	"Yes"
"AI L/ha"			"no"	"Yes"
"mg/cntr"			"no"	"Yes"
"pCi/g"			"no"	"Yes"
"lb/1000 ft2"			"no"	"Yes"
"nCi/L"			"no"	"Yes"
"uCi/g soil"			"no"	"Yes"
"g bt"			"no"	"Yes"
"U of fl"			"no"	"Yes"
"g/ha"			"no"	"Yes"
"uCi/kg"			"no"	"Yes"
"uM/kg"			"no"	"Yes"
"L/ha"			"no"	"Yes"
"ml/kg bdwt"			"no"	"Yes"
"u-atoms/egg"			"no"	"Yes"
"N"		"requires valence value or number of ions released per mol"	"no"	"Yes"
"g/d/org"			"no"	"Yes"
"Bq/g"			"no"	"Yes"
"AI kg/ha"			"no"	"Yes"
"ng/eu"			"no"	"Yes"
"Bq/ml"			"no"	"Yes"
"mCi/kg"			"no"	"Yes"
"mg/egg"			"no"	"Yes"
"pg/cell"			"no"	"Yes"
"g/org"			"no"	"Yes"
"fg/org"			"no"	"Yes"
"kg/mi2/mo"			"no"	"Yes"
"g/fish"			"no"	"Yes"
"ng/fish"			"no"	"Yes"
"AI g/ha"			"no"	"Yes"
"ppm/eu"			"no"	"Yes"
"g diet"			"no"	"Yes"
"Ci/L"			"no"	"Yes"
"mCi mg"			"no"	"Yes"
"uM/100 g"			"no"	"Yes"
"pmol"			"no"	"Yes"
"uBq"			"no"	"Yes"
"g/0.4 ha"			"no"	"Yes"
"g/ml/100 L"			"no"	"Yes"
		"Considered to deal with empty strings"	"no"	"Yes"
"ul/d"		"volume only"	"no"	"Yes"
"ai lb/ha"		"ha is unit of area"	"no"	"Yes"
"uMd"			"no"	"Yes"
"mCi/mmol"		"Ci is unit of radiation"	"no"	"Yes"
"ae g/ha"		"volume/area"	"no"	"Yes"
"units/ml"			"no"	"Yes"
"AI g/hm2"		"volume/area"	"no"	"Yes"
"dpm/800 g soil"		"dpm is disintegrations per minute"	"no"	"Yes"
"ml/in2"		"volume/area"	"no"	"Yes"
"AI lb/100 ft2"		"weight/area"	"no"	"Yes"
"ae ug/org/d"		"mass"	"no"	"Yes"
"ug/org dry wt"		"mass"	"no"	"Yes"
"AI ug/eu"			"no"	"Yes"
"mg/ha"		"mass/area"	"no"	"Yes"
"% v/v"			"no"	"Yes"
"IU/kg bdwt"			"no"	"Yes"
"nl/org"			"no"	"Yes"
"ml/3 gal soil"			"no"	"Yes"
"ul/720 ml"			"no"	"Yes"
"ml/quintal"			"no"	"Yes"
"ul/org"			"no"	"Yes"
"ml/100 m2"			"no"	"Yes"
"ul/L/h"			"no"	"Yes"
"g/10 acre"			"no"	"Yes"
"ul/100 g bdwt"			"no"	"Yes"
"L/m2"			"no"	"Yes"
"oz/org"			"no"	"Yes"
"mBq/ml"			"no"	"Yes"
"kg/d"			"no"	"Yes"
"kg/9.3 m2"			"no"	"Yes"
"ml/10 g bdwt"			"no"	"Yes"
"IU/d"			"no"	"Yes"
"mg/kg/L"			"no"	"Yes"
"AI kg/feddan"			"no"	"Yes"
"mosmols/l"			"no"	"Yes"
"meq/100 g"			"no"	"Yes"
"AI L/42.1 L/ha"			"no"	"Yes"
"L/100 kg sd"			"no"	"Yes"
"AI g/feddan"			"no"	"Yes"
"pmol/org"			"no"	"Yes"
"AI mL/eu"			"no"	"Yes"
"units"			"no"	"Yes"
"AI mg/m2"			"no"	"Yes"
"oz/acre"			"no"	"Yes"
"nmol/egg"			"no"	"Yes"
"IU"			"no"	"Yes"
"AI ml/L"			"no"	"Yes"
"ul/cm2"			"no"	"Yes"
"ul/0.5 m2"			"no"	"Yes"
"cm2/org"			"no"	"Yes"
"mBq"			"no"	"Yes"
"amol/cell"			"no"	"Yes"
"g/acre"			"no"	"Yes"
"pt/acre"			"no"	"Yes"
"dS/m"			"no"	"Yes"
"L/161 m soil"			"no"	"Yes"
"ai ml/100 m2"			"no"	"Yes"
"ul/egg"			"no"	"Yes"
"ml/m"			"no"	"Yes"
"oz/1000 ft"			"no"	"Yes"
"ul/ml diet"			"no"	"Yes"
"ml/kg soil"			"no"	"Yes"
"AI mg/60000 sd"			"no"	"Yes"
"ul/kg"			"no"	"Yes"
"ml/body wt"			"no"	"Yes"
"AI ml/100 g soil"			"no"	"Yes"
"AI g/305 m"			"no"	"Yes"
"g/cm2"			"no"	"Yes"
"AI L/ha/m"			"no"	"Yes"
"ul/mg"			"no"	"Yes"
"ml/g diet"			"no"	"Yes"
"MBq"			"no"	"Yes"
"L/0.25 m2"			"no"	"Yes"
"AI kg/eu"			"no"	"Yes"
"kg/9.9 m2"			"no"	"Yes"
"L/1041 L/ha"			"no"	"Yes"
"AI ug"			"no"	"Yes"
"AI ml/100 g sd"			"no"	"Yes"
"IU/g diet"			"no"	"Yes"
"ml/20 L"			"no"	"Yes"
"mmol/m2"			"no"	"Yes"
"ml/1000 org"			"no"	"Yes"
"g/5 m2"			"no"	"Yes"
"ul/1.2 kg soil"			"no"	"Yes"
"ml/1150 ml"			"no"	"Yes"
"ug/disk"			"no"	"Yes"
"AI g/100000 sd"			"no"	"Yes"
"meq/g"			"no"	"Yes"
"g/m"			"no"	"Yes"
"lb/100 ft2"			"no"	"Yes"
"g h/m3"			"no"	"Yes"
"ul/eu"			"no"	"Yes"
"fl oz"			"no"	"Yes"
"uCi/ul"			"no"	"Yes"
"kg/m2"			"no"	"Yes"
"AI ul/kg dry soil"			"no"	"Yes"
"ml/8.5 L"			"no"	"Yes"
"ae kg/ha"			"no"	"Yes"
"lb/rod2"			"no"	"Yes"
"ml/3.78 L"			"no"	"Yes"
"AI mg/eu"			"no"	"Yes"
"AI fl oz/acre"			"no"	"Yes"
"AI g/100 m"			"no"	"Yes"
"granules"			"no"	"Yes"
"ai oz/bu sd"			"no"	"Yes"
"ug/m2"			"no"	"Yes"
"AI"			"no"	"Yes"
"ae lb/acre"			"no"	"Yes"
"ml/25 L"			"no"	"Yes"
"ng/min"			"no"	"Yes"
"no/g soil"			"no"	"Yes"
"mg/%"			"no"	"Yes"
"ug/em"			"no"	"Yes"
"ml/d"			"no"	"Yes"
"umol/eu"			"no"	"Yes"
"pt/100 gal"			"no"	"Yes"
"cm3"			"no"	"Yes"
"cm3/feddan"			"no"	"Yes"
"g% w/v"			"no"	"Yes"
"ug/tank/wk"			"no"	"Yes"
"AI ng"			"no"	"Yes"
"cm3/org"			"no"	"Yes"
"ml/100 ml"			"no"	"Yes"
"AI ul/g diet"			"no"	"Yes"
"AI mL/hl"			"no"	"Yes"
"ml/gal/ft3 soil"			"no"	"Yes"
"cm3/kg bdwt"			"no"	"Yes"
"cm3/100 g sd"			"no"	"Yes"
"ul"			"no"	"Yes"
"g/100 m"			"no"	"Yes"
"ml/10 kg diet"			"no"	"Yes"
"mg diet/d"			"no"	"Yes"
"ul/g dry soil"			"no"	"Yes"
"L/1.5 cm3 soil"			"no"	"Yes"
"mg/5 cm dia"			"no"	"Yes"
"ml/kg/d"			"no"	"Yes"
"L/feddan"			"no"	"Yes"
"mOsm/kg"			"no"	"Yes"
"ml/600 ml"			"no"	"Yes"
"AI ml/100 L"			"no"	"Yes"
"Ci/mol"			"no"	"Yes"
"kJ/kg bdwt/d"			"no"	"Yes"
"AI ng/eu"			"no"	"Yes"
"g/wk"			"no"	"Yes"
"ml/250 g soil"			"no"	"Yes"
"ml/92.9 m2"			"no"	"Yes"
"ug/d/org"			"no"	"Yes"
"cm3/100 g bdwt"			"no"	"Yes"
"cwt/acre"			"no"	"Yes"
"AI g/10 m"			"no"	"Yes"
"cm2"			"no"	"Yes"
"fl oz/1000 ft"			"no"	"Yes"
"kBq/dm3"			"no"	"Yes"
"uCi/org"			"no"	"Yes"
"ICU/kg diet"			"no"	"Yes"
"ml/100 kg diet"			"no"	"Yes"
"cm3/m2"			"no"	"Yes"
"mg %"			"no"	"Yes"
"ml/plot"			"no"	"Yes"
"g/0.25 acre"			"no"	"Yes"
"% mg"			"no"	"Yes"
"g/ft2"			"no"	"Yes"
"nmol/cm2"			"no"	"Yes"
"g/305 m"			"no"	"Yes"
"% PRTL"			"no"	"Yes"
"mOsm"			"no"	"Yes"
"ml/100 g bdwt/d"			"no"	"Yes"
"L/m3"			"no"	"Yes"
"ul/100 ml diet"			"no"	"Yes"
"cc"			"no"	"Yes"
"g/1600 org"			"no"	"Yes"
"ml/100 gal"			"no"	"Yes"
"AI kg/acre"			"no"	"Yes"
"AI g/eu"			"no"	"Yes"
"cm3/l"			"no"	"Yes"
"oz/305 m"			"no"	"Yes"
"mCi"			"no"	"Yes"
"ml/100 g"			"no"	"Yes"
"ml/929 cm2"			"no"	"Yes"
"g/in dbh"			"no"	"Yes"
"AI ug/org/d"			"no"	"Yes"
"gal/yd2"			"no"	"Yes"
"kg/feddan"			"no"	"Yes"
"AI ml/100 kg"			"no"	"Yes"
"g/plot"			"no"	"Yes"
"AI ug/sd"			"no"	"Yes"
"mg/mi"			"no"	"Yes"
"ml/kg"			"no"	"Yes"
"L/ton sd"			"no"	"Yes"
"g/150 sd"			"no"	"Yes"
"mS/cm"			"no"	"Yes"
"mg/100 cm2"			"no"	"Yes"
"g/60 cm"			"no"	"Yes"
"gal/cwt"			"no"	"Yes"
"ug/lf"			"no"	"Yes"
"cm3/ha"			"no"	"Yes"
"L/mmol"			"no"	"Yes"
"cm3/yd"			"no"	"Yes"
"ml/org/d"			"no"	"Yes"
"ul/ml"			"no"	"Yes"
"ug/cm2 org"			"no"	"Yes"
"ml/10.2 L"			"no"	"Yes"
"gal/acre"			"no"	"Yes"
"ml/l diet"			"no"	"Yes"
"mg/fish"			"no"	"Yes"
"cm3/100 L"			"no"	"Yes"
"ul/100 ml"			"no"	"Yes"
"oz/1000 ft2"			"no"	"Yes"
"ul/2 ml diet"			"no"	"Yes"
"ml/g soil"			"no"	"Yes"
"mm3/dm3"			"no"	"Yes"
"L"			"no"	"Yes"
"tons"			"no"	"Yes"
"mg/cm2/d"			"no"	"Yes"
"AI ul/ml"			"no"	"Yes"
"AI ug/100 cm2"			"no"	"Yes"
"g/linear ft"			"no"	"Yes"
"ul/m2"			"no"	"Yes"
"kg/100 m2"			"no"	"Yes"
"PIg/L"			"no"	"Yes"
"mg/org/wk"			"no"	"Yes"
"ml/20 L diet"			"no"	"Yes"
"pg/cm2"			"no"	"Yes"
"AI g/m2"			"no"	"Yes"
"dpm"			"no"	"Yes"
"pg/org"			"no"	"Yes"
"AI g/100 m2"			"no"	"Yes"
"ml/ft2"			"no"	"Yes"
"tons/ha"			"no"	"Yes"
"ml/gal/4 ft2 soil"			"no"	"Yes"
"kg/ac"			"no"	"Yes"
"L/160 m soil"			"no"	"Yes"
"l/hl"			"no"	"Yes"
"mg/sd"			"no"	"Yes"
"ml/kg org/d"			"no"	"Yes"
"AI ml/100 kg seed"			"no"	"Yes"
"AI ml/m2"			"no"	"Yes"
"ul/g"			"no"	"Yes"
"nl/L"			"no"	"Yes"
"AI oz/in dbh"			"no"	"Yes"
"ng/h"			"no"	"Yes"
"ml/kg diet"			"no"	"Yes"
"AI kg"			"no"	"Yes"
"ml/25 ft"			"no"	"Yes"
"ul/kg diet"			"no"	"Yes"
"AI ml/kg"			"no"	"Yes"
"ae ug/org"			"no"	"Yes"
"fibers/L"			"no"	"Yes"
"nl/ml"			"no"	"Yes"
"kg/ha/yr"			"no"	"Yes"
"AI g/m"			"no"	"Yes"
"dm3/ha"			"no"	"Yes"
"AI g/93 m2"			"no"	"Yes"
"mg h/L"			"no"	"Yes"
"AI gal/acre"			"no"	"Yes"
"L/eu"			"no"	"Yes"
"PSU"			"no"	"Yes"
"AI ug/cm2 diet"			"no"	"Yes"
"AI mg/cm2"			"no"	"Yes"
"g/sd"			"no"	"Yes"
"ml/305 m"			"no"	"Yes"
"ng/org/d"			"no"	"Yes"
"cm3/0.7 ha"			"no"	"Yes"
"L/80 kg N/ha"			"no"	"Yes"
"ae ng/org"			"no"	"Yes"
"ml/kg diet/d"			"no"	"Yes"
"AI g/t"			"no"	"Yes"
"ml/100 lb sd"			"no"	"Yes"
"ml/500 ml"			"no"	"Yes"
"ml/ft3"			"no"	"Yes"
"ml/mi"			"no"	"Yes"
"g/m2 soil"			"no"	"Yes"
"ml/injection"			"no"	"Yes"
"g bt/m2"			"no"	"Yes"
"cm3/4 L"			"no"	"Yes"
"ml/org"			"no"	"Yes"
"AI g/org"			"no"	"Yes"
"ml/feddan"			"no"	"Yes"
"ml/3.79 L"			"no"	"Yes"
"g/dn(Std)"			"no"	"Yes"
"AI kg/1000 m"			"no"	"Yes"
"ul/10 ml"			"no"	"Yes"
"ml/acre"			"no"	"Yes"
"ml/ft"			"no"	"Yes"
"AI %/100 kg sd"			"no"	"Yes"
"mg/cm"			"no"	"Yes"
"AI g/60000 sd"			"no"	"Yes"
"ml/100 L diet"			"no"	"Yes"
"kg/eu"			"no"	"Yes"
"AI g/dn(Cyprus)"			"no"	"Yes"
"AI ul/L"			"no"	"Yes"
"pt"			"no"	"Yes"
"ml/100 m"			"no"	"Yes"
"AI ml/mi"			"no"	"Yes"
"Tbsp/gal"			"no"	"Yes"
"AI g/cm of dbh"			"no"	"Yes"
"ml/454 g diet"			"no"	"Yes"
"cm3/ft"			"no"	"Yes"
"cm3/dm3"			"no"	"Yes"
"cm3/yd2"			"no"	"Yes"
"uCi/g"			"no"	"Yes"
"tsp/mound"			"no"	"Yes"
"RA"			"no"	"Yes"
"fl oz/acre"			"no"	"Yes"
"gal/0.5 rod2"			"no"	"Yes"
"ml/cntr"			"no"	"Yes"
"umol/cm2"			"no"	"Yes"
"g/km"			"no"	"Yes"
"ml/kg sd"			"no"	"Yes"
"g/10 ft"			"no"	"Yes"
"ul/g bdwt"			"no"	"Yes"
"AI ng/org/d"			"no"	"Yes"
"ml/g bdwt"			"no"	"Yes"
"AI oz/1000 ft"			"no"	"Yes"
"mg/h"			"no"	"Yes"
"kg/50 m"			"no"	"Yes"
"mmol/d"			"no"	"Yes"
"mg/d/bdwt"			"no"	"Yes"
"mg/dose"			"no"	"Yes"
"g bt/eu"			"no"	"Yes"
"AI ug/cm2 media"			"no"	"Yes"
"cm3/eu"			"no"	"Yes"
"L/10 ac"			"no"	"Yes"
"ug/cm2 lf"			"no"	"Yes"
"ml/3.75 L"			"no"	"Yes"
"nM/L"			"no"	"Yes"
"mol/ha"			"no"	"Yes"
"mg/mm2"			"no"	"Yes"
"g/100 m2"			"no"	"Yes"
"Tbsp/eu"			"no"	"Yes"
"neq/g"			"no"	"Yes"
"lb/ac ft"			"no"	"Yes"
"ug/kg org/d"	"0.001"		"yes"	"Yes"
"ml/300 L/ha"			"no"	"Yes"
"AI g/acre"			"no"	"Yes"
"ug/2 org/d"			"no"	"Yes"
"dpm/g"			"no"	"Yes"
"mg%"			"no"	"Yes"
"mg diet"			"no"	"Yes"
"AI ml/200 L/ha"			"no"	"Yes"
"mg/TI"			"no"	"Yes"
"uCi/3.6 mg"			"no"	"Yes"
"mm"			"no"	"Yes"
"ml/500 g sd"			"no"	"Yes"
"units/l"			"no"	"Yes"
"AI ml/100 gal"			"no"	"Yes"
"AI ml/org"			"no"	"Yes"
"AI mg/ha"			"no"	"Yes"
"L/km"			"no"	"Yes"
"AI kg/0.4 ha"			"no"	"Yes"
"ml/ha"			"no"	"Yes"
"uCi/nmol"			"no"	"Yes"
"uCi/30 mg"			"no"	"Yes"
"ml/100 L H2O/acre"			"no"	"Yes"
"ml/kg dry seed"			"no"	"Yes"
"U/kg dry diet"			"no"	"Yes"
"mg/50 cm2"			"no"	"Yes"
"g/org/yr"			"no"	"Yes"
"IU/kg"			"no"	"Yes"
"umol/egg"			"no"	"Yes"
"cm3/hL"			"no"	"Yes"
"fl oz/10 gal/1k sqft"			"no"	"Yes"
"AI mg/sd"			"no"	"Yes"
"ng/cm"			"no"	"Yes"
"AI %/wt sd"			"no"	"Yes"
"ml/250 ml"			"no"	"Yes"
"uCi/mg"			"no"	"Yes"
"AI g/304.8 m"			"no"	"Yes"
"ml/3.8 L"			"no"	"Yes"
"uL/100 L"			"no"	"Yes"
"oz"			"no"	"Yes"
"g/org/d"			"no"	"Yes"
"AI mg/0.1 m2"			"no"	"Yes"
"ml/25 ml"			"no"	"Yes"
"mg/ft2"			"no"	"Yes"
"AI ml/ha"			"no"	"Yes"
"g/d"			"no"	"Yes"
"ul/kg bdwt"			"no"	"Yes"
"IU/kg diet"			"no"	"Yes"
"AI g/cm caliper"			"no"	"Yes"
"fl oz/1000 ft2"			"no"	"Yes"
"nl/cm2"			"no"	"Yes"
"ueq/g"			"no"	"Yes"
"dpm/EU"			"no"	"Yes"
"ng/cm2"			"no"	"Yes"
"ml/gal"			"no"	"Yes"
"mg/m2"			"no"	"Yes"
"ML"			"no"	"Yes"
"ptm"			"no"	"Yes"
"uM/ml"			"no"	"Yes"
"AI mg"			"no"	"Yes"
"AI L/feddan"			"no"	"Yes"
"ul/L soil"			"no"	"Yes"
"ml/10 L"			"no"	"Yes"
"ul/200 ml"			"no"	"Yes"
"lb/100 yd2"			"no"	"Yes"
"AI g/400 m2"			"no"	"Yes"
"AI mg/org"			"no"	"Yes"
"L/1.4 m3 soil"			"no"	"Yes"
"ng/egg"			"no"	"Yes"
"ml/8 L"			"no"	"Yes"
"ul/L"			"no"	"Yes"
"ug/g/kg bdwt"			"no"	"Yes"
"AI oz/acre"			"no"	"Yes"
"mol/org"			"no"	"Yes"
"pCi/ml"			"no"	"Yes"
"ml/100 kg sd"			"no"	"Yes"
"l/l"			"no"	"Yes"
"gal"			"no"	"Yes"
"meq"			"no"	"Yes"
"AI ml/kg sd"			"no"	"Yes"
"kg/org"			"no"	"Yes"
"AI ng/org"			"no"	"Yes"
"ppm/L"			"no"	"Yes"
"umol/org"			"no"	"Yes"
"gal/100 gal"			"no"	"Yes"
"ppm/ml"			"no"	"Yes"
"AI g"			"no"	"Yes"
"ml/100 L"			"no"	"Yes"
"AI ng/cm2"			"no"	"Yes"
"AI g/cm2"			"no"	"Yes"
"uM/kg/mi"			"no"	"Yes"
"AI lb/ga"			"no"	"Yes"
"mg/L 10 mi"			"no"	"Yes"
"AI mg/d"			"no"	"Yes"
"ae ppm"	"1"		"yes"	"Yes"
"uM"	"0.001MW"	"MW -molecular weight"	"yes"	"Yes"
"mg/ml"	"1000"		"yes"	"Yes"
"umol/g"	"1MW"	"MW -molecular weight"	"yes"	"Yes"
"mg/g bdwt"	"1000"		"yes"	"Yes"
"mg/g"	"1000"		"yes"	"Yes"
"ug/g egg"	"1"		"yes"	"Yes"
"nmol/kg"	"0.000001MW"	"in mole, cannot be converted"	"yes"	"Yes"
"umol/kg"	"0.001MW"	"in mole, cannot be converted"	"yes"	"Yes"
"mg/L"	"1"		"yes"	"Yes"
"ug/g dry wt"	"1"		"yes"	"Yes"
"AI ug/L"	"0.001"	"AI means active ingredient of a chemical substance. So does not affect the concentration value"	"yes"	"Yes"
"mg/kg/d"	"1"	"d – day is not relevant here"	"yes"	"Yes"
"mg/g soil"	"1000"		"yes"	"Yes"
"ppm"	"1"		"yes"	"Yes"
"ug/L"	"0.001"		"yes"	"Yes"
"g/kg bdwt"	"1000"		"yes"	"Yes"
"mmol/L"	"1MW"		"yes"	"Yes"
"ng/g"	"0.001"		"yes"	"Yes"
"mmol/kg soil"	"1MW"		"yes"	"Yes"
"ppb"	"0.001"	"ppb – parts per billion"	"yes"	"Yes"
"mmol/kg"	"1MW"		"yes"	"Yes"
"mg/kg dry wt"	"1"	"dry wt - dry weight"	"yes"	"Yes"
"mg/kg org/d"	"1"	"org – organism and d - day"	"yes"	"Yes"
"mg/70 g"	"14.28571429"		"yes"	"Yes"
"ug/ml"	"1"		"yes"	"Yes"
"umol/dm3"	"0.001MW"		"yes"	"Yes"
"ug/kg"	"0.001"		"yes"	"Yes"
"% w/v"	"10000"		"yes"	"Yes"
"mg/kg dry soil"	"1"		"yes"	"Yes"
"ug/g org"	"1"		"yes"	"Yes"
"ug/g soil"	"1"		"yes"	"Yes"
"nmol/ml"	"0.001MW"		"yes"	"Yes"
"ng/L"	"0.000001"		"yes"	"Yes"
"ug/g dry soil"	"1"		"yes"	"Yes"
"umol/L"	"0.001MW"		"yes"	"Yes"
"mg/kg/wk"	"1"	"wk – week is not relevant here"	"yes"	"Yes"
"g/kg/d"	"1000"	"d – day is not relevant here"	"yes"	"Yes"
"mg/kg"	"1"		"yes"	"Yes"
"nmol/L"	"0.000001MW"		"yes"	"Yes"
"ug/g bdwt"	"1"		"yes"	"Yes"
"pmol/L"	"0.000000001MW"	"in mole, cannot be converted"	"yes"	"Yes"
"ppm diet"	"1"		"yes"	"Yes"
"AI mg/L"	"1"	"AI means active ingredient of a chemical substance. So does not affect the concentration value"	"yes"	"Yes"
"%"	"10000"		"yes"	"Yes"
"mg/kg bdwt"	"1"		"yes"	"Yes"
"M"	"1000MW"	"molar"	"yes"	"Yes"
"mM"	"1MW"	"molar"	"yes"	"Yes"
"umol/kg bdwt"	"0.001MW"	"in mole, cannot be converted"	"yes"	"Yes"
"mg/kg soil"	"1"		"yes"	"Yes"
"mg/kg diet"	"1"		"yes"	"Yes"
"g/kg"	"1000"		"yes"	"Yes"
"AI ppm"	"1"		"yes"	"Yes"
"mg/kg org"	"1"		"yes"	"Yes"
"nmol/g"	"0.001MW"		"yes"	"Yes"
"ppm soil"	"1"		"yes"	"Yes"
"nmol/g diet"	"0.001MW"	"in mole, cannot be converted"	"yes"	"Yes"
"mg/g org"	"1000"	"org – organism"	"yes"	"Yes"
"ug/g"	"1"		"yes"	"Yes"
"% diet"	"10000"		"yes"	"Yes"
"nM"	"0.000001MW"	"molar"	"yes"	"Yes"
"g/L"	"1000"		"yes"	"Yes"
"mg/kg media"	"1"		"yes"	"Yes"
"% of diet"	"10000"		"yes"	"Yes"
"ng/ml"	"0.001"		"yes"	"Yes"
"mg/kg bdwt/d"	"1"	"bdwt - body weight, d – day is not relevant here"	"yes"	"Yes"
"mol/L"	"1000MW"		"yes"	"Yes"
"mmol/kg bdwt"	"1MW"		"yes"	"Yes"
"AI mg/kg dry soil"	"1"		"yes"	"Yes"
"umol/g dry wt"	"1MW"	"MW -molecular weight"	"yes"	"Yes"
"mg/g dry wt"	"1000"		"yes"	"Yes"
"ug/g eu"	"1"		"yes"	"Yes"
"g/kg diet"	"1000"		"yes"	"Yes"
"ug/ul"	"1000"		"yes"	"Yes"
"ug/ml H2O"	"1"		"yes"	"Yes"
"ug/0.1 ml/d/org"	"10"		"yes"	"Yes"
"ug/cm3"	"1"		"yes"	"Yes"
"lbs/200 gal"	"599.13214"	"1lbs=0.4535924 kg and 1gal=3.785412L"	"yes"	"Yes"
"g/1.8 kg soil"	"555.55556"		"yes"	"Yes"
"mmol/ g diet"	"1000MW"		"yes"	"Yes"
"kmol/m3"	"1000MW"		"yes"	"Yes"
"g/250 L"	"4"		"yes"	"Yes"
"ng/g wet wt"	"0.001"		"yes"	"Yes"
"ug/ml diet"	"1"		"yes"	"Yes"
"nmol/g TI"	"1MW"		"yes"	"Yes"
"ug-atoms/L"	"0.001"	"atoms is confusing"	"yes"	"Yes"
"g/dm3"	"1000"		"yes"	"Yes"
"mg/kg wt"	"1"		"yes"	"Yes"
"mg/100 lb/d"	"0.02204"	"1lb=0.4535924kg"	"yes"	"Yes"
"mg/ml diet"	"1000"		"yes"	"Yes"
"ug/100 g org/d"	"0.01"		"yes"	"Yes"
"umol/g diet"	"1MW"		"yes"	"Yes"
"mg/L media"	"1"		"yes"	"Yes"
"mol/kg bdwt"	"1000MW"		"yes"	"Yes"
"ug/kg/d"	"0.001"		"yes"	"Yes"
"mg/kg wet wt"	"1"		"yes"	"Yes"
"mg/L/d"	"1"		"yes"	"Yes"
"ug/100 g bdwt"	"0.01"		"yes"	"Yes"
"ug/g bdwt/d"	"1"		"yes"	"Yes"
"g/ug"	"1000000000000000"		"yes"	"Yes"
"ppmw"	"1"	"w stands for weight"	"yes"	"Yes"
"AI mg/kg soil"	"1"		"yes"	"Yes"
"lb/5 gal"	"119.826428"	"1lb/gal=599.13214 from previous conversion"	"yes"	"Yes"
"ug/kg diet"	"0.001"		"yes"	"Yes"
"% wght"	"10000"		"yes"	"Yes"
"g/kg soil"	"1000"		"yes"	"Yes"
"AI g/hl"	"10"	"1 hectolitre =100L"	"yes"	"Yes"
"mmol/dm3"	"1MW"		"yes"	"Yes"
"AI mg/kg diet"	"1"		"yes"	"Yes"
"ng/g diet"	"0.001"		"yes"	"Yes"
"mg/100 kg bdwt"	"0.01"		"yes"	"Yes"
"mg/60 ml"	"16.666667"		"yes"	"Yes"
"ppmw diet"	"1"		"yes"	"Yes"
"ug/100 g/d"	"0.00001"		"yes"	"Yes"
"mg/kg litter"	"1"		"yes"	"Yes"
"g/100 ml"	"10000"		"yes"	"Yes"
"% dry wght"	"10000"		"yes"	"Yes"
"umol/kg org"	"0.001MW"		"yes"	"Yes"
"lb/100 gal"	"5.99132"	"1lb/gal=599.13214"	"yes"	"Yes"
"g/kg bdwt/d"	"1000"		"yes"	"Yes"
"mg/L diet"	"1"		"yes"	"Yes"
"ug/g wet wt diet"	"0.001"		"yes"	"Yes"
"mg/L/h"	"1"		"yes"	"Yes"
"g/100 L"	"10"		"yes"	"Yes"
"AI mg/kg bdwt"	"1"		"yes"	"Yes"
"umol/100 g"	"0.01MW"		"yes"	"Yes"
"AI ug/ml"	"1"		"yes"	"Yes"
"mmol/kg dry diet/d"	"1MW"		"yes"	"Yes"
"mg/dm3"	"1"		"yes"	"Yes"
"kg/m3"	"1000"		"yes"	"Yes"
"umol/kg/d"	"0.001MW"		"yes"	"Yes"
"ug/g dry diet"	"1"		"yes"	"Yes"
"ug/g TI"	"1"		"yes"	"Yes"
"g%"	"10000"		"yes"	"Yes"
"ug/dm3"	"0.001"		"yes"	"Yes"
"mg/g diet"	"0.001"		"yes"	"Yes"
"kg/hL"	"10000"		"yes"	"Yes"
"ppm/org"	"1"		"yes"	"Yes"
"pmol/mg"	"0.001MW"		"yes"	"Yes"
"mg/kg wt/d"	"1"		"yes"	"Yes"
"ai g/L"	"1000"		"yes"	"Yes"
"nmol/g wet wt"	"0.001MW"		"yes"	"Yes"
"mg/100 g"	"10"		"yes"	"Yes"
"ug/100 ml"	"0.01"		"yes"	"Yes"
"ng/g wet wt diet"	"0.001"		"yes"	"Yes"
"mg/10 ml"	"100"		"yes"	"Yes"
"mg/kg wet diet"	"1"		"yes"	"Yes"
"AI g/100 kg sd"	"10"		"yes"	"Yes"
"AI kg/100 L"	"10000"		"yes"	"Yes"
"mg/kg wet wt media"	"1"		"yes"	"Yes"
"ug/mg"	"1000"		"yes"	"Yes"
"AI % diet"	"10000"		"yes"	"Yes"
"lbs/50 gal"	"11.98264"		"yes"	"Yes"
"umol/g org"	"1MW"		"yes"	"Yes"
"ug/g/d"	"1"		"yes"	"Yes"
"ug/kg bdwt"	"0.001"		"yes"	"Yes"
"mg/100 kg org"	"0.01"		"yes"	"Yes"
"molal"	"0.001MW"		"yes"	"Yes"
"ug/g wet bdwt"	"1"		"yes"	"Yes"
"mg/3 kg"	"0.333333"		"yes"	"Yes"
"umol/g soil"	"1MW"		"yes"	"Yes"
"AI g/100 L"	"10"		"yes"	"Yes"
"pM"	"0.000000001MW"		"yes"	"Yes"
"mg/kg dry diet"	"1"		"yes"	"Yes"
"ug/500 g"	"0.002"		"yes"	"Yes"
"g/m3"	"1"		"yes"	"Yes"
"mg/10 g diet"	"100"		"yes"	"Yes"
"g/cc"	"1000000"		"yes"	"Yes"
"mg/mg bdwt"	"1000000"		"yes"	"Yes"
"ppm dw diet"	"1"		"yes"	"Yes"
"mg/d/100 lbs"	"0.02205"		"yes"	"Yes"
"mol/dm3"	"1000MW"		"yes"	"Yes"
"ai mg/kg org"	"1"		"yes"	"Yes"
"ug/g dry diet/d"	"1"		"yes"	"Yes"
"ppm dry wt"	"1"		"yes"	"Yes"
"ug/kg bdwt/d"	"0.001"		"yes"	"Yes"
"g/7 kg"	"142.85714"		"yes"	"Yes"
"% g"	"10000"		"yes"	"Yes"
"umol/g dry wt diet"	"1MW"		"yes"	"Yes"
"ml/m3"		"numerator is volume"	"no"	"Yes"
"nmol/g dry wt"	"0.001MW"		"yes"	"Yes"
"AI ppm diet"	"1"		"yes"	"Yes"
"ug/kg soil"	"0.001"		"yes"	"Yes"
"ug/g diet"	"1"		"yes"	"Yes"
"mg/100 g bw"	"10"		"yes"	"Yes"
"ng/g dry diet"	"0.001"		"yes"	"Yes"
"AI mg/kg"	"1"		"yes"	"Yes"
"umol/ml"	"0.000001MW"		"yes"	"Yes"
"ug/ml soil"	"1"		"yes"	"Yes"
"ppm-hour"	"1"		"yes"	"Yes"
"ppb dry wt"	"0.001"		"yes"	"Yes"
"g/100 g sd"	"10000"		"yes"	"Yes"
"mmol/kg/d"	"1MW"		"yes"	"Yes"
"g/kg*e0.75 bdwt"			"no"	"Yes"
"ug/kg org"	"0.001"		"yes"	"Yes"
"umoles/l agar"			"no"	"Yes"
"ml/100 L H2O/25kg sd"			"no"	"Yes"
"ai g/kg sd"	"1000"		"yes"	"Yes"
"kg/ton tubers"			"no"	"Yes"
"AI ng/L"	"0.000001"		"yes"	"Yes"
"ng/g soil"	"0.001"		"yes"	"Yes"
"ng/kg"	"0.000001"		"yes"	"Yes"
"g/100 kg sd"	"10"		"yes"	"Yes"
"ae mg/L"	"1"		"yes"	"Yes"
"ng/ul diet"	"1"		"yes"	"Yes"
"ng/g egg"	"0.001"		"yes"	"Yes"
"g/10 L"	"100"		"yes"	"Yes"
"ng/nl"	"0.001"		"yes"	"Yes"
"kg/L"	"1000000"		"yes"	"Yes"
"ug/L/d"	"0.001"		"yes"	"Yes"
"g/L H2O"	"0.001"		"yes"	"Yes"
"lb/40 gal"	"14.9783035"		"yes"	"Yes"
"g/10 kg diet"	"0.01"		"yes"	"Yes"
"ug/100 ul/org"	"10"		"yes"	"Yes"
"AI g/m3"	"1"		"yes"	"Yes"
"ug/g LD wt"	"1"		"yes"	"Yes"
"ug/300 g bdwt"	"0.0033333333"		"yes"	"Yes"
"g/1000 g"	"0.001"		"yes"	"Yes"
"nmol/g bw"	"0.001MW"		"yes"	"Yes"
"g/100 g diet"	"10000"		"yes"	"Yes"
"ae mg/kg dry soil"	"1"		"yes"	"Yes"
"% bt"	"10000"		"yes"	"Yes"
"ae uM"	"0.001MW"		"yes"	"Yes"
"AI ug/kg bdwt/d"	"0.001"		"yes"	"Yes"
"AI g/300 L"	"3.333333333"		"yes"	"Yes"
"AI mg/kg bdwt EU"	"1"		"yes"	"Yes"
"ng/g dw soil"	"0.001"		"yes"	"Yes"
"umol/kg/mi"	"0.001MW"		"yes"	"Yes"
"ug/0.2 ml diet"	"5"		"yes"	"Yes"
"g/ton"	"1"		"yes"	"Yes"
"g/200 kg sd"	"5"		"yes"	"Yes"
"AI ppb"	"0.001"		"yes"	"Yes"
"AI ug/g diet"	"1"		"yes"	"Yes"
"g/1.6 kg soil"	"0.625"		"yes"	"Yes"
"ppb diet"	"0.001"		"yes"	"Yes"
"mM diet"	"1MW"		"yes"	"Yes"
"g/l/eu"	"0.001"		"yes"	"Yes"
"mg/100 g/d"	"10"		"yes"	"Yes"
"oz/3 gal"	"0.0000000025"	"1gal=3.785412L and 1oz=0.0283495kg and 1oz/gal=0.00000000749"	"yes"	"Yes"
"ng/mg"	"1"		"yes"	"Yes"
"mg/100 g org"	"10"		"yes"	"Yes"
"mg/100 g soil"	"10"		"yes"	"Yes"
"g/27 kg sd"	"37.03703704"		"yes"	"Yes"
"pmol/g egg"	"0.000001MW"		"yes"	"Yes"
"% AE"	"10000"		"yes"	"Yes"
"% w/w"	"10000"		"yes"	"Yes"
"uM diet"	"0.001MW"		"yes"	"Yes"
"% of bdwt"	"10000"		"yes"	"Yes"
"% org"	"10000"		"yes"	"Yes"
"AI ug/g eu"	"1"		"yes"	"Yes"
"AI ug/g dry soil"	"1"		"yes"	"Yes"
"AI ug/g soil"	"1"		"yes"	"Yes"
"AI ug/g org"	"1"		"yes"	"Yes"
"ng/mg bdwt"	"1"		"yes"	"Yes"
"% w/w diet"	"10000"		"yes"	"Yes"
"AI mM"	"1MW"		"yes"	"Yes"
"% sat"	"10000"		"yes"	"Yes"
"umol/kg LD"	"0.001MW"		"yes"	"Yes"
"AI % v/v"	"10000"		"yes"	"Yes"
"ug/g lipid diet"	"1"		"yes"	"Yes"
"% vol"	"10000"		"yes"	"Yes"
"AI % w/w"	"10000"		"yes"	"Yes"
"% DT"	"10000"		"yes"	"Yes"
"AI uM"	"0.001MW"		"yes"	"Yes"
"ug/g wet wt"	"1"		"yes"	"Yes"
"oz/20 gal/acre"	"4E-10"		"yes"	"Yes"
"fl oz/50 gal/acre"	"1E-10"		"yes"	"Yes"
"fl oz/10 gal"	"7E-10"		"yes"	"Yes"
"% WSF"	"10000"		"yes"	"Yes"
"AI % w/w bt"	"10000"		"yes"	"Yes"
"oz/60 gal/acre"	"1E-10"		"yes"	"Yes"
"AI ng/mg bdwt"	"1"		"yes"	"Yes"
"ug/g pellet"	"1"		"yes"	"Yes"
"oz/gal"	"0.00000000749"		"yes"	"Yes"
"% m/v diet"	"10000"		"yes"	"Yes"
"ug/g bdwt/wk"	"1"		"yes"	"Yes"
"AI ug/g dry diet"	"1"		"yes"	"Yes"
"AI oz/gal"	"0.00000000749"		"yes"	"Yes"
"% m"	"10000"		"yes"	"Yes"
"% v/v diet"	"10000"		"yes"	"Yes"
"ng/mg diet"	"1"		"yes"	"Yes"
"umol/kg media"	"0.001MW"		"yes"	"Yes"
"umol/kg soil"	"0.001MW"		"yes"	"Yes"
"% g/g"	"10000"		"yes"	"Yes"
"AI ug/g egg"	"1"		"yes"	"Yes"
"oz/100 gal"	"1E-10"		"yes"	"Yes"
"AI % w/v"	"10000"		"yes"	"Yes"
"umol/kg egg"	"0.001MW"		"yes"	"Yes"
"ug/g sd"	"1"		"yes"	"Yes"
"AI % bt"	"10000"		"yes"	"Yes"
"fl oz/100 gal"	"1E-10"		"yes"	"Yes"
"AI ug/g"	"1"		"yes"	"Yes"
"AI oz/40 gal"	"2E-10"		"yes"	"Yes"
"umol/kg wet bdwt"	"0.001MW"		"yes"	"Yes"
"ug/g wet wt TI"	"1"		"yes"	"Yes"
"AI umol/kg dry soil"	"0.001MW"		"yes"	"Yes"
"ug/g org/d"	"1"		"yes"	"Yes"
"% v/w"	"10000"		"yes"	"Yes"
"ug/g/wk"	"1"		"yes"	"Yes"
"AI ug/g bdwt"	"1"		"yes"	"Yes"
"% soln"	"10000"		"yes"	"Yes"
"mmol/L soil"	"1MW"		"yes"	"Yes"
"g/10 L soil"	"0.001"		"yes"	"Yes"
"mmol/g dry wt"	"1000MW"		"yes"	"Yes"
"mg/10 L"	"0.1"		"yes"	"Yes"
"mg/mg"	"1000000"		"yes"	"Yes"
"mmol/kg dry bdwt/d"	"1MW"		"yes"	"Yes"
"mg/3 L soil"	"0.333333"		"yes"	"Yes"
"mg/10 g bdwt"	"100"		"yes"	"Yes"
"ng/ml diet"	"0.001"		"yes"	"Yes"
"mg/dl"	"10"		"yes"	"Yes"
"ug/50 ul"	"20"		"yes"	"Yes"
"g/800 ml"	"0.00125"		"yes"	"Yes"
"AI kg/3741 L/ha"	"267.3082064"		"yes"	"Yes"
"mol/g"	"1000000MW"		"yes"	"Yes"
"mg/60 g egg"	"16.66666667"		"yes"	"Yes"
"mg/g wet wt diet"	"1000"		"yes"	"Yes"
"mg/m3"	"0.001"		"yes"	"Yes"
"AI ug/kg soil"	"0.001"		"yes"	"Yes"
"AI ug/ul"	"0.001"		"yes"	"Yes"
"mmol/g"	"1000MW"		"yes"	"Yes"
"mol/g soil"	"1000000MW"		"yes"	"Yes"
"AI ng/mL"	"0.001"		"yes"	"Yes"
"AI ug/ul diet"	"0.001"		"yes"	"Yes"
"mM/kg"			"no"	"Yes"
"umol/g LD"	"1MW"		"yes"	"Yes"
"mmol/kg bdwt/d"	"1MW"		"yes"	"Yes"
"AI ug/kg dry soil"	"0.001"		"yes"	"Yes"
"ug/kg dry soil"	"0.001"		"yes"	"Yes"
"ug/kg egg"	"0.001"		"yes"	"Yes"
"mmol/kg egg"	"1MW"		"yes"	"Yes"
"ug/kg dry wt org"	"0.001"		"yes"	"Yes"
"mmol/kg diet"	"1MW"		"yes"	"Yes"
"nmol/g lipid"	"0.001MW"		"yes"	"Yes"
"AI ug/kg diet"	"0.001"		"yes"	"Yes"
"ng/ml blood/d"	"0.001"		"yes"	"Yes"
"umol/g wet wt"	"1MW"		"yes"	"Yes"
"ug/kg/wk"	"0.001"		"yes"	"Yes"
"nmol/g org"	"0.001MW"		"yes"	"Yes"
"ug/ul diet"	"0.001"		"yes"	"Yes"
"ae mmol/kg soil"	"1MW"		"yes"	"Yes"
"g/3.78 L"	"264.5502646"		"yes"	"Yes"
"ng/g bdwt"	"0.001"		"yes"	"Yes"
"mg/500 g soil"	"2"		"yes"	"Yes"
"g/100 g BW/d"	"10000"		"yes"	"Yes"
"AI mol/kg"	"0.001MW"		"yes"	"Yes"
"AI mg/ml diet"	"0.001"		"yes"	"Yes"
"ng/g wet bdwt/d"	"0.001"		"yes"	"Yes"
"g/kg bdwt/h"	"1000"		"yes"	"Yes"
"mg/g/d"	"1000"		"yes"	"Yes"
"ai kg/379 l"	"2638.522427"		"yes"	"Yes"
"AI 0/00"	"1000"		"yes"	"Yes"
"mg/g bdwt/d"	"1000"		"yes"	"Yes"
"mol/m3"	"1MW"		"yes"	"Yes"
"AI g/kg diet"	"0.001"		"yes"	"Yes"
"ppm w/w"	"1"		"yes"	"Yes"
"ug/25 mL"	"0.04"		"yes"	"Yes"
"ppt"	"0.000001"		"yes"	"Yes"
"0/00 v/v"	"1000"		"yes"	"Yes"
"0/00"	"1000"		"yes"	"Yes"
"ng/g/d"	"0.001"		"yes"	"Yes"
"mg/g sd"	"1000"		"yes"	"Yes"
"pg/g wet wt"	"0.000001"		"yes"	"Yes"
"AI mg/g sd"	"1000"		"yes"	"Yes"
"ppmv/eu"	"1"		"yes"	"Yes"
"AI ppm soil w/w"	"1"		"yes"	"Yes"
"mg/kg dw org/d"	"1"		"yes"	"Yes"
"AI ng/g diet"	"0.001"		"yes"	"Yes"
"ng/g bdwt/d"	"0.001"		"yes"	"Yes"
"ng/g wet wt/d/pair"	"0.001"		"yes"	"Yes"
"pg/g egg"	"0.000001"		"yes"	"Yes"
"ng/g org/d"	"0.001"		"yes"	"Yes"
"pg/g diet"	"0.000001"		"yes"	"Yes"
"g/gal/4 ft2 soil"	"264.1720373"		"yes"	"Yes"
"g/3 gal soil"	"88.05734576"		"yes"	"Yes"
"g/100 g"	"10000"		"yes"	"Yes"
"ppm/mi"	"1"		"yes"	"Yes"
"AI g/ml"	"0.000001"		"yes"	"Yes"
"AI ppt"	"0.000001"		"yes"	"Yes"
"AI ppm H2O"	"1"		"yes"	"Yes"
"AI ppm w/w"	"1"		"yes"	"Yes"
"AI ng/g bdwt"	"0.001"		"yes"	"Yes"
"AI mg/g wet wt diet"	"1000"		"yes"	"Yes"
"pg/g"	"0.000001"		"yes"	"Yes"
"ng/g org"	"0.001"		"yes"	"Yes"
"g/gal"	"264.1720373"		"yes"	"Yes"
"ng/g dry wt"	"0.001"		"yes"	"Yes"
"pg/g TI"	"0.000001"		"yes"	"Yes"
"AI ng/g org"	"0.001"		"yes"	"Yes"
"AI mg/g diet"	"1000"		"yes"	"Yes"
"g/100 kg"	"10"		"yes"	"Yes"
"mg/100 g sd"	"10"		"yes"	"Yes"
"AI mg/kg bdwt/d"	"1"		"yes"	"Yes"
"AI ppm soil"	"1"		"yes"	"Yes"
"AI g/kg bdwt"	"1000"		"yes"	"Yes"
"g/kg dry sd"	"1000"		"yes"	"Yes"
"AI mg/100 kg"	"0.01"		"yes"	"Yes"
"g/1.7 kg soil"	"588.2352941"		"yes"	"Yes"
"AI ug/L diet"	"0.001"		"yes"	"Yes"
"mg/kg egg"	"1"		"yes"	"Yes"
"AI ppb diet"	"0.001"		"yes"	"Yes"
"ng/ul"	"1"		"yes"	"Yes"
"mg/250 g bdwt"	"4"		"yes"	"Yes"
"AI g/100 kg"	"10"		"yes"	"Yes"
"AI mg/L diet"	"1"		"yes"	"Yes"
"AI ppmw/soil vol"	"1"		"yes"	"Yes"
"AI kg/100 kg sd"	"10000"		"yes"	"Yes"
"mg/kg seed"	"1"		"yes"	"Yes"
"AI g/1100 L"	"0.9090909091"		"yes"	"Yes"
"g/kg sd"	"1"		"yes"	"Yes"
"AI g/10 kg sd"	"0.1"		"yes"	"Yes"
"mg/kg/org"	"1"		"yes"	"Yes"
"AI g/L diet"	"1000"		"yes"	"Yes"
"AI mg/kg/d"	"1"		"yes"	"Yes"
"ng eq/ml"	"0.001"		"yes"	"Yes"
"ppm-d"	"1"		"yes"	"Yes"
"g/50 ml"	"20000"		"yes"	"Yes"
"AI g/6 L"	"166.6666667"		"yes"	"Yes"
"mmol/100 g bdwt"	"10MW"		"yes"	"Yes"
"pg/ul"	"0.001"		"yes"	"Yes"
"mol/ml"	"0.000000000001MW"		"yes"	"Yes"
"pg/ml"	"0.001"		"yes"	"Yes"
"mg/kg/fish"	"1"		"yes"	"Yes"
"ug/mg bdwt"	"1000"		"yes"	"Yes"
"g/6 L"	"166.6666667"		"yes"	"Yes"
"g/L diet"	"1000"		"yes"	"Yes"
"g/1000 ml"	"1000"		"yes"	"Yes"
"AI g/379 L"	"2.638522427"		"yes"	"Yes"
"nmol/kg bdwt"	"0.001MW"		"yes"	"Yes"
"g/300 g seed"	"3333.333333"		"yes"	"Yes"
"AI mg/2 L diet"	"0.5"		"yes"	"Yes"
"nmol/mol"	"0.0000000556MW"	"1mol of H2O = 18g/mole"	"yes"	"Yes"
"g/4719 cm3 soil"	"211.9093028"		"yes"	"Yes"
"pg/dm3"	"0.000001"		"yes"	"Yes"
"g/dl"	"10000"		"yes"	"Yes"
"AI mg/250 ml soil"	"4"		"yes"	"Yes"
"ng/45 ml"	"0.0000222222"		"yes"	"Yes"
"AI g/dm3"	"1000000"		"yes"	"Yes"
"AI g/3 ml/m"	"333333.3333"		"yes"	"Yes"
"AI mg/100 cm3"	"10"		"yes"	"Yes"
"mg/3 ml"	"333.3333333"		"yes"	"Yes"
"kg/100 L"	"10000"		"yes"	"Yes"
"ug/10 L"	"0.0001"		"yes"	"Yes"
"mg/kg bdwt/wk"	"1"		"yes"	"Yes"
"uM/h"	"0.001MW"		"yes"	"Yes"
"AI g/378 L"	"2.645502646"		"yes"	"Yes"
"mg/10 g sd"	"100"		"yes"	"Yes"
"mgdrydiet/gwetbdwt/d"	"1000"		"yes"	"Yes"
"g/20 L"	"50"		"yes"	"Yes"
"AI kg/227.3 l/0.4 ha"	"3606.202669"		"yes"	"Yes"
"mg/100 L"	"0.01"		"yes"	"Yes"
"lb/gal"	"599.13214"		"yes"	"Yes"
"g/3 kg seed"	"333.3333333"		"yes"	"Yes"
"ug/5 ml"	"0.2"		"yes"	"Yes"
"mg/100 ml diet"	"10"		"yes"	"Yes"
"cmol/kg"	"0.01MW"		"yes"	"Yes"
"kg/ton sd"	"1000"		"yes"	"Yes"
"AI ppm dry soil"	"1"		"yes"	"Yes"
"ug/50 ml"	"0.02"		"yes"	"Yes"
"AI ng/uL diet/d"	"1"		"yes"	"Yes"
"ppm diet/d"	"1"		"yes"	"Yes"
"AI mg/50 ml H2O"	"20"		"yes"	"Yes"
"AI g/100 g sd"	"10000"		"yes"	"Yes"
"ug/3.5 L"	"0.0000002857"		"yes"	"Yes"
"AI lb/10 gal"	"59.913214"		"yes"	"Yes"
"kg/300 L/ha"	"3333.333333"		"yes"	"Yes"
"mg/100 g diet"	"10"		"yes"	"Yes"
"mg/150 ml"	"6.666666667"		"yes"	"Yes"
"ppm w/w diet"	"1"		"yes"	"Yes"
"g/L soil"	"1000"		"yes"	"Yes"
"mg/300 g"	"3.333333333"		"yes"	"Yes"
"ug/L diet"	"0.001"		"yes"	"Yes"
"g/20 L diet"	"50"		"yes"	"Yes"
"ng/200 mg diet"	"0.005"		"yes"	"Yes"
"g/hL"	"10"	"1hL=100L"	"yes"	"Yes"
"ng/20 ul diet"	"0.05"		"yes"	"Yes"
"mmol/100 g"	"10MW"		"yes"	"Yes"
"AI ug/0.5 ul"	"2000"		"yes"	"Yes"
"mg/kg humus"	"1"		"yes"	"Yes"
"ae mg/kg bdwt/d"	"1"		"yes"	"Yes"
"AI ug/ml diet"	"1"		"yes"	"Yes"
"g/1.2 kg soil"	"833.3333333"		"yes"	"Yes"
"AI M"	"1000MW"		"yes"	"Yes"
"AI mg/ml"	"1000"		"yes"	"Yes"
"mg/20 cm3"	"50"		"yes"	"Yes"
"ai mg/kg seed"	"1"		"yes"	"Yes"
"g/100 L soil"	"10"		"yes"	"Yes"
"ug/g eu/35 ml"			"no"	"Yes"
"mg/kg diet/d"	"1"		"yes"	"Yes"
"ug/100 ml diet"	"0.01"		"yes"	"Yes"
"ng/m3"	"0.000000001"		"yes"	"Yes"
"AI g/L soil"	"1000"		"yes"	"Yes"
"ppm H2O"	"1"		"yes"	"Yes"
"AI lb/100 gal/acre"	"5.9913214"		"yes"	"Yes"
"ae mg/kg"	"1"		"yes"	"Yes"
"g/379 L"	"2.638522427"		"yes"	"Yes"
"mg/650 g soil"	"1.538461539"		"yes"	"Yes"
"mg/200 ml"	"5"		"yes"	"Yes"
"g/3.79 L"	"263.8522427"		"yes"	"Yes"
"ng/kg diet"	"1"		"yes"	"Yes"
"ug/h/100 g"	"0.01"		"yes"	"Yes"
"ug/mg org"	"1000"		"yes"	"Yes"
"AI g/kg soil"	"1000"		"yes"	"Yes"
"g/ml"	"1000000"		"yes"	"Yes"
"g/37.9 L/0.1 ha"	"26.38522427"		"yes"	"Yes"
"AI kg/378 L"	"2645.502646"		"yes"	"Yes"
"mmol/m3"	"0.001MW"		"yes"	"Yes"
"ae g/200 L"	"5"		"yes"	"Yes"
"mg/25 mL"	"40"		"yes"	"Yes"
"AI mg/dm3"	"1"		"yes"	"Yes"
"AI mg/kg egg wt"	"1"		"yes"	"Yes"
"AI g/10 L"	"100"		"yes"	"Yes"
"ppm wet wt diet"	"1"		"yes"	"Yes"
"ug/0.25 ml/org/d"	"4"		"yes"	"Yes"
"g/2.5 kg soil"	"400"		"yes"	"Yes"
"AI g/200 L"	"5"		"yes"	"Yes"
"g/170 ml"	"5882.352941"		"yes"	"Yes"
"AI lb/11 gal/acre"	"54.46655818"		"yes"	"Yes"
"M diet"	"1000MW"		"yes"	"Yes"
"AI ng/ul diet"	"1"		"yes"	"Yes"
"mg/100 ml"	"10"		"yes"	"Yes"
"ug/m3"	"0.000001"		"yes"	"Yes"
"kg/3.78 L"	"264550.2646"		"yes"	"Yes"
"ppm solvent"	"1"		"yes"	"Yes"
"mg/500 ml"	"2"		"yes"	"Yes"
"g/946 ml"	"1057.082452"		"yes"	"Yes"
"AI g/kg"	"1000"		"yes"	"Yes"
"g/l/m2"	"1000"		"yes"	"Yes"
"ng/100 ml diet"	"0.00001"		"yes"	"Yes"
"ppmv"	"1"		"yes"	"Yes"
"ng/25 mL"	"0.00004"		"yes"	"Yes"
"pg/L"	"0.000001"		"yes"	"Yes"
"g/10.2 L"	"98.03921569"		"yes"	"Yes"
"mg/1.2 kg soil"	"0.8333333333"		"yes"	"Yes"
"g/1.8 kg sd"	"555.5555556"		"yes"	"Yes"
"ppm for 36 hr"	"1"		"yes"	"Yes"
"kg/100 kg sd"	"10000"		"yes"	"Yes"
"nM/org"	"0.000001MW"		"yes"	"Yes"
"AI lb/100 gal"	"5.9913214"		"yes"	"Yes"
"ug/100 g bdwt/d"	"0.01"		"yes"	"Yes"
"mg/kg/min"	"1"		"yes"	"Yes"
"pmol/ml"	"1MW"		"yes"	"Yes"
"g/kg dry diet"	"1000"		"yes"	"Yes"
"g/500 ml"	"2000"		"yes"	"Yes"
"g/ml/eu"	"1000000"		"yes"	"Yes"
"ug/mg diet"	"1000"		"yes"	"Yes"
"mg/100 g bw/d"	"10"		"yes"	"Yes"
"AI g/25 ml/m"	"40000"		"yes"	"Yes"
"ae ug/L"	"0.001"		"yes"	"Yes"
"nM diet"	"0.000001MW"		"yes"	"Yes"
"AI pph sd"	"10000"		"yes"	"Yes"
"AI oz/lb seed"	"62499.94488"	"1oz=0.0283495kg"	"yes"	"Yes"
"oz/1000 ft3"	"1.001153144"	"1ft=0.3048m"	"yes"	"Yes"
"oz/cwt sd"	"558.2321004"	"1cwt=50.80234544kg"	"yes"	"Yes"
"oz/cwt"	"558.2321004"		"yes"	"Yes"
"g/lb seed"	"2204.622476"		"yes"	"Yes"
"mg/quintal"	"0.01"	"1qt=100kg"	"yes"	"Yes"
"ai oz/bu"	"944.039294"	"1bushel=30.03kg"	"yes"	"Yes"
"fl oz/cwt"	"558.2321004"		"yes"	"Yes"
"oz/bu"	"944.039294"	"1bushel=30.03kg"	"yes"	"Yes"
"AI oz/cwt sd"	"558.2321004"		"yes"	"Yes"
"mg/40 ml diet"	"25"		"yes"	"Yes"
"AI g/100 gal"	"2.641720373"		"yes"	"Yes"
"qt/gal"	"26417203.73"		"yes"	"Yes"
"pt/40 gal"			"no"	"Yes"
"pt/30 gal"			"no"	"Yes"
"lb/100 lb sd"	"10000"		"yes"	"Yes"
"lb/cwt sd"	"8928.572019"		"yes"	"Yes"
"umol/mol"	"0.0555555556MW"		"yes"	"Yes"
"oz/100 lb seed"	"624.9994488"		"yes"	"Yes"
"AI lb/cwt sd"	"8928.572019"		"yes"	"Yes"
"qt/100 gal"	"264172.0373"		"yes"	"Yes"
"g/4000 cm3 soil"	"250"		"yes"	"Yes"
"AI g/2000 cm3 soil"	"500"		"yes"	"Yes"
"g/bushel"	"33.3000333"		"yes"	"Yes"
"mg/15 g diet"	"66.6666666667"		"yes"	"Yes"
"ug/g wet diet/d"	"1"		"yes"	"Yes"
"ml/1000 L"		"volume/volume, need density of the substance to convert"	"no"	"No"
"ppm/g diet"		"per gram"	"no"	"No"
"AI g/m2 canopy"		"Area"	"no"	"No"
"lb/5 gal/acre"	"0.0239652857"	"1gal=3.785412L; 1lb=0.4535924kg"	"yes"	"No"
"AI ug/kg wet media"	"0.001"		"yes"	"No"
"ml/45 mi"		"volume/distance"	"no"	"No"
"ppm/d"	"1"		"yes"	"No"
"AI oz/25 lbs bdwt"	"62499.94488"		"yes"	"No"
"AI ml/378 L"			"no"	"No"
"L/1000 bu"			"no"	"No"
"L/1000 L"			"no"	"No"
"oz/2.5 gal"	"0.000000003"	"1gal=3.785412L and 1oz=0.0283495kg and 1oz/gal=0.00000000749"	"yes"	"No"
"AI ug/kg dry media"	"0.001"		"yes"	"No"
"mg/cm3"	"1000"		"yes"	"No"
"ug/kg wet media "	"0.001"		"yes"	"No"
"AI ug/g wet media"	"1"		"yes"	"No"
"cc/org"		"volume"	"no"	"No"
"pmol/mg/mi"	"0.001MW"		"yes"	"No"
"AI ppm w/w dry bt "	"1"		"yes"	"No"
"ul/L diet"			"no"	"No"
"ml/81.8 kg wet media"			"no"	"No"
"lit"			"no"	"No"
"AI oz/100 gal"	"1E-10"		"yes"	"No"
